{"cameraMode":{"drawMode":0,"name":"Shaded","section":"Shading Mode"},"sceneLighting":false,"audioPlay":false,"sceneViewState":{"showFog":false,"showMaterialUpdate":true,"showSkybox":true,"showFlares":false,"showImageEffects":true,"showParticleSystems":true},"in2DMode":false,"pivot":{"x":0.021475350484251977,"y":0.09919881820678711,"z":0.21047382056713105},"rotation":{"x":0.7049293518066406,"y":-0.008510486222803593,"z":0.008459552191197873,"w":0.7091705203056336},"size":2.9420833587646486,"orthographic":false}