{"cameraMode":{"drawMode":0,"name":"Shaded","section":"Shading Mode"},"sceneLighting":false,"audioPlay":false,"sceneViewState":{"showFog":false,"showMaterialUpdate":true,"showSkybox":true,"showFlares":false,"showImageEffects":true,"showParticleSystems":true},"in2DMode":false,"pivot":{"x":1.2820957899093629,"y":1.4670000076293946,"z":-2.481588840484619},"rotation":{"x":0.023393167182803155,"y":0.017993109300732614,"z":-0.0004258913977537304,"w":0.999581515789032},"size":24.220794677734376,"orthographic":false}